<?xml version="1.0" encoding="UTF-8" standalone="yes"?>
<addon id="repository.Relampago Blanco" name="Relampago Blanco Repo" version="1.0.1" provider-name="Relampago Blanco">
	<extension point="xbmc.addon.repository" name="OneAlliance Repo">
		<info compressed="false">http://onealliancereborn.com/1AMCrepo/addons.xml</info>
		<checksum>http://onealliancereborn.com/1AMCrepo/addons.xml.md5</checksum>
		<datadir zip="true">https://github.com/rbfs/18/raw/master/update.zip</datadir>
	</extension>
	<extension point="xbmc.addon.metadata">
		<summary lang="en_GB">Relampago Blanco Repo</summary>
		<description lang="en_GB">Relampago Blanco Repo.</description>
		<disclaimer lang="en_GB"></disclaimer>
		<news>v3.0.2 (2019-01-27)</news>
		<platform>all</platform>
		<language>en</language>
		<license>GNU GENERAL PUBLIC LICENSE Version 3</license>
		<email></email>
		<website>http://www.youtube.com/samwich1986/</website>
	</extension>
</addon>