<?xml version="1.0" encoding="UTF-8" standalone="yes"?>
<addon id="plugin.program.relampagoblanco" name="Relampago Blanco Wizard" version="1.0.0" provider-name="Relampago Blanco">
  <requires>
    <import addon="xbmc.python" version="2.1.0"/>
  </requires>
  <extension point="xbmc.python.pluginsource" library="default.py">
    <provides>executable</provides>
  </extension>
  <extension point="xbmc.service" library="startup.py" start="startup" />
  <extension point="xbmc.addon.metadata">
    <summary lang="en">Relampago Blanco Wizard</summary>
    <description lang="en">Relampago Blanco Wizard for installing and maintaining the latest Relampago Blanco builds</description>
	<disclaimer lang="en"></disclaimer>
	<news>v2.0.4 (2019-01-27)</news>
	<platform>all</platform>
	<language>en</language>
	<license>GNU GENERAL PUBLIC LICENSE Version 3</license>
	<email></email>
	<website>>http://www.youtube.com/samwich1986/</website>
  </extension>
</addon>